{"Benefit_per_order": [-4274.97998, 151.5], "Order_Item_Discount": [0.0, 66.87], "Order_Item_Product_Price": [9.989999771, 424.98], "Order_Item_Profit_Ratio": [-2.75, 0.78], "Sales": [9.989999771, 569.91]}